Order ID,Order Received,Order Processed,Shipment Sent,Order Delivered,Cost,Status,Delivery Time (Days)
1,2023-04-06,2023-04-09,2023-04-15,2023-04-18,139.49,Delivered,12
2,2023-03-12,2023-03-16,2023-03-21,2023-03-24,272.86,Delivered,12
3,2023-05-21,2023-05-24,2023-05-27,2023-05-29,491.53,Delivered,8
4,2023-04-26,2023-04-30,2023-05-07,2023-05-16,285.62,Delivered,20
5,2023-06-09,2023-06-12,2023-06-18,2023-06-19,446.52,Delivered,10
6,2023-01-10,2023-01-14,2023-01-20,2023-01-21,160.07,Delivered,11
7,2023-05-23,2023-05-25,2023-05-30,2023-06-07,179.99,Delivered,15
8,2023-04-02,2023-04-03,2023-04-10,2023-04-16,280.11,Delivered,14
9,2023-05-15,2023-05-20,2023-05-27,2023-05-31,373.82,Delivered,16
10,2023-06-01,2023-06-05,2023-06-06,2023-06-13,171.54,Delivered,12
11,2023-03-10,2023-03-13,2023-03-15,2023-03-21,395.72,Delivered,11
12,2023-01-05,2023-01-07,2023-01-14,2023-01-23,104.59,Delivered,18
13,2023-02-02,2023-02-06,2023-02-12,2023-02-19,364.01,Delivered,17
14,2023-01-10,2023-01-12,2023-01-15,2023-01-21,398.35,Delivered,11
15,2023-04-13,2023-04-16,2023-04-23,2023-04-26,406.38,Delivered,13
16,2023-02-21,2023-02-26,2023-03-01,2023-03-02,470.06,Delivered,9
17,2023-02-07,2023-02-11,2023-02-14,2023-02-21,174.89,Returned,14
18,2023-02-25,2023-02-26,2023-03-04,2023-03-14,84.9,Returned,17
19,2023-01-04,2023-01-08,2023-01-13,2023-01-20,317.22,Delivered,16
20,2023-02-28,2023-03-04,2023-03-05,2023-03-09,81.57,Delivered,9
21,2023-05-06,2023-05-11,2023-05-14,2023-05-23,311.38,Returned,17
22,2023-06-13,2023-06-16,2023-06-17,2023-06-23,217.72,Delivered,10
23,2023-05-21,2023-05-24,2023-05-27,2023-06-03,215.16,Delivered,13
24,2023-03-09,2023-03-11,2023-03-16,2023-03-25,113.51,Delivered,16
25,2023-04-20,2023-04-24,2023-04-30,2023-05-06,475.96,Delivered,16
26,2023-06-16,2023-06-19,2023-06-24,2023-06-25,132.43,Damaged,9
27,2023-06-22,2023-06-27,2023-06-28,2023-07-01,148.17,Returned,9
28,2023-01-30,2023-02-01,2023-02-03,2023-02-11,278.67,Delivered,12
29,2023-04-29,2023-05-02,2023-05-06,2023-05-07,171.17,Delivered,8
30,2023-05-16,2023-05-20,2023-05-21,2023-05-22,193.12,Delivered,6
31,2023-03-05,2023-03-07,2023-03-11,2023-03-16,174.3,Delivered,11
32,2023-04-13,2023-04-18,2023-04-25,2023-05-01,267.98,Delivered,18
33,2023-06-05,2023-06-06,2023-06-12,2023-06-22,138.44,Returned,17
34,2023-06-06,2023-06-07,2023-06-08,2023-06-15,369.34,Delivered,9
35,2023-01-08,2023-01-13,2023-01-19,2023-01-24,253.15,Delivered,16
36,2023-04-17,2023-04-21,2023-04-27,2023-04-28,345.9,Delivered,11
37,2023-01-29,2023-02-03,2023-02-09,2023-02-14,303.84,Damaged,16
38,2023-02-13,2023-02-15,2023-02-17,2023-02-22,441.22,Delivered,9
39,2023-01-07,2023-01-12,2023-01-17,2023-01-24,427.22,Delivered,17
40,2023-02-11,2023-02-12,2023-02-13,2023-02-20,104.35,Delivered,9
41,2023-06-08,2023-06-13,2023-06-18,2023-06-19,200.1,Delivered,11
42,2023-01-29,2023-02-02,2023-02-06,2023-02-07,103.03,Delivered,9
43,2023-05-22,2023-05-23,2023-05-26,2023-06-02,187.36,Delivered,11
44,2023-02-12,2023-02-17,2023-02-21,2023-02-24,80.51,Delivered,12
45,2023-01-20,2023-01-22,2023-01-24,2023-01-27,329.33,Delivered,7
46,2023-02-03,2023-02-06,2023-02-08,2023-02-17,219.0,Delivered,14
47,2023-05-01,2023-05-06,2023-05-07,2023-05-14,304.34,Delivered,13
48,2023-03-10,2023-03-11,2023-03-13,2023-03-16,379.09,Delivered,6
49,2023-03-04,2023-03-05,2023-03-06,2023-03-14,319.98,Delivered,10
50,2023-01-23,2023-01-27,2023-01-30,2023-02-08,83.1,Returned,16
51,2023-02-05,2023-02-06,2023-02-11,2023-02-17,492.63,Delivered,12
52,2023-04-21,2023-04-26,2023-04-28,2023-05-05,385.59,Delivered,14
53,2023-03-08,2023-03-12,2023-03-19,2023-03-21,172.72,Delivered,13
54,2023-02-16,2023-02-17,2023-02-22,2023-02-25,154.18,Delivered,9
55,2023-01-10,2023-01-15,2023-01-21,2023-01-22,251.81,Returned,12
56,2023-04-08,2023-04-10,2023-04-14,2023-04-23,386.81,Delivered,15
57,2023-01-29,2023-02-03,2023-02-10,2023-02-16,393.81,Delivered,18
58,2023-05-27,2023-05-30,2023-06-04,2023-06-05,104.62,Delivered,9
59,2023-05-12,2023-05-15,2023-05-20,2023-05-27,153.27,Delivered,15
60,2023-05-03,2023-05-07,2023-05-13,2023-05-18,170.96,Returned,15
61,2023-05-14,2023-05-18,2023-05-20,2023-05-22,309.54,Delivered,8
62,2023-05-24,2023-05-28,2023-06-03,2023-06-07,370.31,Delivered,14
63,2023-03-27,2023-03-30,2023-04-05,2023-04-08,180.05,Delivered,12
64,2023-06-21,2023-06-25,2023-06-28,2023-07-06,215.85,Delivered,15
65,2023-04-06,2023-04-11,2023-04-14,2023-04-24,190.67,Delivered,18
66,2023-02-12,2023-02-17,2023-02-23,2023-03-02,125.65,Delivered,18
67,2023-01-16,2023-01-19,2023-01-23,2023-01-28,319.95,Delivered,12
68,2023-05-22,2023-05-26,2023-05-30,2023-06-07,69.2,Damaged,16
69,2023-01-18,2023-01-22,2023-01-25,2023-01-27,248.97,Delivered,9
70,2023-02-13,2023-02-16,2023-02-18,2023-02-26,364.9,Delivered,13
71,2023-01-11,2023-01-14,2023-01-17,2023-01-18,264.72,Delivered,7
72,2023-03-16,2023-03-17,2023-03-21,2023-03-28,106.75,Delivered,12
73,2023-02-01,2023-02-05,2023-02-07,2023-02-15,227.19,Delivered,14
74,2023-04-01,2023-04-05,2023-04-12,2023-04-18,249.94,Delivered,17
75,2023-05-05,2023-05-10,2023-05-16,2023-05-26,323.75,Delivered,21
76,2023-02-01,2023-02-03,2023-02-07,2023-02-11,328.28,Damaged,10
77,2023-02-21,2023-02-23,2023-03-02,2023-03-04,324.77,Delivered,11
78,2023-04-08,2023-04-09,2023-04-15,2023-04-23,431.93,Delivered,15
79,2023-03-21,2023-03-24,2023-03-25,2023-03-28,408.94,Delivered,7
80,2023-05-18,2023-05-22,2023-05-29,2023-06-05,496.5,Delivered,18
81,2023-06-14,2023-06-18,2023-06-21,2023-06-29,167.67,Delivered,15
82,2023-06-24,2023-06-26,2023-06-29,2023-07-08,395.22,Damaged,14
83,2023-01-06,2023-01-07,2023-01-14,2023-01-22,399.02,Delivered,16
84,2023-06-13,2023-06-16,2023-06-22,2023-06-23,489.33,Delivered,10
85,2023-03-21,2023-03-23,2023-03-27,2023-03-29,295.84,Delivered,8
86,2023-03-08,2023-03-13,2023-03-16,2023-03-22,390.4,Delivered,14
87,2023-03-28,2023-04-01,2023-04-06,2023-04-08,221.15,Damaged,11
88,2023-04-19,2023-04-23,2023-04-26,2023-05-03,351.68,Delivered,14
89,2023-04-23,2023-04-28,2023-05-05,2023-05-10,244.28,Delivered,17
90,2023-04-03,2023-04-08,2023-04-09,2023-04-17,478.7,Damaged,14
91,2023-05-02,2023-05-03,2023-05-09,2023-05-10,96.77,Delivered,8
92,2023-06-04,2023-06-07,2023-06-12,2023-06-15,177.56,Damaged,11
93,2023-04-20,2023-04-21,2023-04-22,2023-04-29,429.38,Delivered,9
94,2023-05-29,2023-06-01,2023-06-04,2023-06-11,204.49,Delivered,13
95,2023-03-10,2023-03-13,2023-03-19,2023-03-25,288.43,Delivered,15
96,2023-03-27,2023-03-31,2023-04-02,2023-04-03,377.63,Delivered,7
97,2023-03-19,2023-03-22,2023-03-28,2023-03-31,173.13,Delivered,12
98,2023-02-28,2023-03-05,2023-03-10,2023-03-13,72.34,Delivered,13
99,2023-01-16,2023-01-19,2023-01-25,2023-01-26,336.4,Delivered,10
100,2023-02-21,2023-02-25,2023-02-28,2023-03-10,328.37,Damaged,17
101,2023-01-06,2023-01-10,2023-01-17,2023-01-26,236.28,Delivered,20
102,2023-04-04,2023-04-05,2023-04-08,2023-04-11,482.45,Delivered,7
103,2023-02-20,2023-02-24,2023-03-03,2023-03-12,431.86,Delivered,20
104,2023-05-26,2023-05-27,2023-06-02,2023-06-03,165.17,Delivered,8
105,2023-04-23,2023-04-25,2023-05-01,2023-05-09,82.84,Delivered,16
106,2023-02-03,2023-02-07,2023-02-13,2023-02-19,108.73,Delivered,16
107,2023-06-09,2023-06-10,2023-06-14,2023-06-22,212.62,Delivered,13
108,2023-06-21,2023-06-22,2023-06-25,2023-07-03,487.85,Delivered,12
109,2023-01-26,2023-01-29,2023-02-01,2023-02-07,247.96,Delivered,12
110,2023-03-30,2023-04-04,2023-04-09,2023-04-16,63.77,Delivered,17
111,2023-02-21,2023-02-23,2023-02-28,2023-03-03,140.15,Delivered,10
112,2023-01-23,2023-01-27,2023-02-01,2023-02-10,302.33,Returned,18
113,2023-03-22,2023-03-25,2023-03-26,2023-04-05,272.37,Delivered,14
114,2023-03-07,2023-03-09,2023-03-15,2023-03-18,337.75,Returned,11
115,2023-04-01,2023-04-04,2023-04-06,2023-04-09,165.76,Delivered,8
116,2023-06-12,2023-06-13,2023-06-14,2023-06-16,232.34,Delivered,4
117,2023-04-18,2023-04-22,2023-04-29,2023-05-05,337.94,Delivered,17
118,2023-04-30,2023-05-05,2023-05-08,2023-05-18,220.43,Returned,18
119,2023-04-29,2023-05-03,2023-05-05,2023-05-13,336.81,Delivered,14
120,2023-02-06,2023-02-08,2023-02-14,2023-02-21,474.66,Delivered,15
121,2023-04-16,2023-04-17,2023-04-22,2023-04-23,472.94,Delivered,7
122,2023-05-12,2023-05-15,2023-05-18,2023-05-27,241.31,Damaged,15
123,2023-04-23,2023-04-28,2023-05-03,2023-05-08,284.52,Delivered,15
124,2023-04-07,2023-04-12,2023-04-13,2023-04-21,440.27,Delivered,14
125,2023-05-19,2023-05-21,2023-05-24,2023-05-25,154.55,Delivered,6
126,2023-04-16,2023-04-19,2023-04-20,2023-04-21,373.03,Delivered,5
127,2023-04-16,2023-04-17,2023-04-23,2023-05-03,310.88,Delivered,17
128,2023-01-19,2023-01-23,2023-01-30,2023-02-05,62.04,Returned,17
129,2023-02-24,2023-03-01,2023-03-04,2023-03-06,348.14,Delivered,10
130,2023-05-17,2023-05-22,2023-05-26,2023-05-29,336.93,Damaged,12
131,2023-06-17,2023-06-18,2023-06-20,2023-06-30,494.03,Delivered,13
132,2023-02-22,2023-02-26,2023-02-27,2023-03-04,336.77,Delivered,10
133,2023-02-21,2023-02-24,2023-03-01,2023-03-03,302.34,Delivered,10
134,2023-06-15,2023-06-16,2023-06-17,2023-06-23,398.16,Delivered,8
135,2023-06-01,2023-06-02,2023-06-03,2023-06-07,211.18,Delivered,6
136,2023-05-27,2023-05-29,2023-06-05,2023-06-09,233.0,Delivered,13
137,2023-03-07,2023-03-09,2023-03-14,2023-03-22,189.15,Delivered,15
138,2023-03-01,2023-03-05,2023-03-10,2023-03-13,399.3,Delivered,12
139,2023-04-15,2023-04-18,2023-04-22,2023-04-28,405.61,Delivered,13
140,2023-06-06,2023-06-11,2023-06-16,2023-06-23,252.98,Delivered,17
141,2023-01-02,2023-01-03,2023-01-10,2023-01-15,275.62,Delivered,13
142,2023-02-16,2023-02-19,2023-02-25,2023-03-03,155.33,Delivered,15
143,2023-05-07,2023-05-08,2023-05-13,2023-05-23,332.94,Delivered,16
144,2023-06-21,2023-06-24,2023-06-29,2023-07-03,347.54,Delivered,12
145,2023-01-12,2023-01-15,2023-01-20,2023-01-21,477.83,Delivered,9
146,2023-02-08,2023-02-12,2023-02-17,2023-02-22,419.56,Returned,14
147,2023-04-14,2023-04-17,2023-04-20,2023-04-25,222.75,Delivered,11
148,2023-01-31,2023-02-05,2023-02-07,2023-02-15,258.13,Delivered,15
149,2023-06-13,2023-06-14,2023-06-21,2023-06-22,147.12,Delivered,9
150,2023-04-09,2023-04-13,2023-04-18,2023-04-19,493.84,Delivered,10
151,2023-02-20,2023-02-23,2023-02-26,2023-03-07,58.78,Delivered,15
152,2023-03-18,2023-03-20,2023-03-22,2023-03-25,190.53,Delivered,7
153,2023-06-02,2023-06-05,2023-06-08,2023-06-16,481.75,Delivered,14
154,2023-06-03,2023-06-06,2023-06-11,2023-06-20,147.76,Delivered,17
155,2023-01-14,2023-01-19,2023-01-26,2023-01-31,354.11,Delivered,17
156,2023-01-14,2023-01-18,2023-01-20,2023-01-26,308.14,Delivered,12
157,2023-04-17,2023-04-22,2023-04-29,2023-05-09,131.83,Delivered,22
158,2023-02-25,2023-02-28,2023-03-03,2023-03-07,489.57,Delivered,10
159,2023-06-21,2023-06-24,2023-07-01,2023-07-03,441.04,Delivered,12
160,2023-03-10,2023-03-13,2023-03-17,2023-03-20,479.24,Damaged,10
161,2023-06-28,2023-06-29,2023-07-03,2023-07-05,197.73,Delivered,7
162,2023-04-07,2023-04-10,2023-04-17,2023-04-26,116.18,Returned,19
163,2023-06-24,2023-06-28,2023-07-05,2023-07-08,376.04,Delivered,14
164,2023-04-23,2023-04-24,2023-04-28,2023-05-06,75.15,Delivered,13
165,2023-03-10,2023-03-11,2023-03-12,2023-03-19,181.67,Delivered,9
166,2023-01-08,2023-01-10,2023-01-16,2023-01-19,132.4,Returned,11
167,2023-02-25,2023-03-02,2023-03-09,2023-03-15,285.87,Delivered,18
168,2023-03-15,2023-03-20,2023-03-26,2023-03-30,209.65,Delivered,15
169,2023-06-19,2023-06-21,2023-06-24,2023-06-30,258.37,Delivered,11
170,2023-05-29,2023-06-01,2023-06-08,2023-06-12,496.06,Delivered,14
171,2023-05-20,2023-05-22,2023-05-29,2023-06-08,57.59,Delivered,19
172,2023-04-27,2023-04-29,2023-04-30,2023-05-07,133.75,Delivered,10
173,2023-03-17,2023-03-19,2023-03-20,2023-03-24,177.33,Delivered,7
174,2023-03-23,2023-03-28,2023-04-03,2023-04-13,64.13,Delivered,21
175,2023-03-12,2023-03-17,2023-03-18,2023-03-26,383.31,Delivered,14
176,2023-01-27,2023-01-30,2023-02-04,2023-02-14,316.31,Delivered,18
177,2023-04-21,2023-04-24,2023-04-25,2023-04-29,453.13,Delivered,8
178,2023-03-19,2023-03-23,2023-03-28,2023-03-30,285.53,Delivered,11
179,2023-03-06,2023-03-07,2023-03-11,2023-03-21,205.73,Delivered,15
180,2023-03-02,2023-03-05,2023-03-06,2023-03-07,192.3,Delivered,5
181,2023-03-14,2023-03-16,2023-03-17,2023-03-21,335.85,Delivered,7
182,2023-06-15,2023-06-17,2023-06-24,2023-07-03,397.89,Delivered,18
183,2023-04-27,2023-04-29,2023-05-04,2023-05-11,266.58,Delivered,14
184,2023-06-02,2023-06-03,2023-06-08,2023-06-17,228.77,Delivered,15
185,2023-01-18,2023-01-23,2023-01-30,2023-02-04,379.08,Delivered,17
186,2023-03-29,2023-03-31,2023-04-02,2023-04-10,420.85,Delivered,12
187,2023-05-25,2023-05-29,2023-06-03,2023-06-04,333.36,Delivered,10
188,2023-01-27,2023-01-28,2023-01-31,2023-02-07,196.5,Delivered,11
189,2023-06-22,2023-06-24,2023-06-25,2023-06-26,276.72,Delivered,4
190,2023-04-04,2023-04-05,2023-04-12,2023-04-18,131.5,Delivered,14
191,2023-02-23,2023-02-28,2023-03-04,2023-03-08,370.05,Delivered,13
192,2023-02-20,2023-02-21,2023-02-25,2023-03-06,221.13,Delivered,14
193,2023-05-03,2023-05-06,2023-05-13,2023-05-15,99.67,Delivered,12
194,2023-03-23,2023-03-26,2023-03-27,2023-03-30,350.03,Delivered,7
195,2023-03-01,2023-03-03,2023-03-08,2023-03-13,166.01,Delivered,12
196,2023-01-19,2023-01-20,2023-01-25,2023-01-30,53.0,Delivered,11
197,2023-02-19,2023-02-20,2023-02-25,2023-03-06,148.83,Delivered,15
198,2023-06-23,2023-06-26,2023-06-29,2023-07-01,312.05,Delivered,8
199,2023-03-22,2023-03-24,2023-03-29,2023-04-05,458.52,Delivered,14
200,2023-06-05,2023-06-06,2023-06-07,2023-06-17,329.16,Delivered,12
201,2023-06-16,2023-06-18,2023-06-23,2023-06-29,170.51,Delivered,13
202,2023-01-25,2023-01-26,2023-01-29,2023-02-04,397.04,Delivered,10
203,2023-01-18,2023-01-19,2023-01-20,2023-01-24,231.35,Delivered,6
204,2023-05-08,2023-05-10,2023-05-16,2023-05-21,204.19,Delivered,13
205,2023-06-14,2023-06-15,2023-06-19,2023-06-26,386.78,Returned,12
206,2023-01-09,2023-01-12,2023-01-17,2023-01-25,218.56,Delivered,16
207,2023-01-01,2023-01-05,2023-01-06,2023-01-14,446.03,Delivered,13
208,2023-02-20,2023-02-24,2023-02-26,2023-03-06,145.34,Returned,14
209,2023-01-06,2023-01-07,2023-01-13,2023-01-14,313.02,Delivered,8
210,2023-01-03,2023-01-04,2023-01-07,2023-01-15,215.83,Delivered,12
211,2023-03-20,2023-03-23,2023-03-26,2023-03-31,237.16,Returned,11
212,2023-02-23,2023-02-26,2023-03-04,2023-03-13,145.38,Returned,18
213,2023-04-04,2023-04-06,2023-04-11,2023-04-13,351.63,Delivered,9
214,2023-04-03,2023-04-07,2023-04-08,2023-04-14,389.86,Returned,11
215,2023-05-11,2023-05-13,2023-05-17,2023-05-26,303.05,Delivered,15
216,2023-04-15,2023-04-19,2023-04-22,2023-04-28,366.48,Delivered,13
217,2023-06-06,2023-06-08,2023-06-09,2023-06-16,52.85,Delivered,10
218,2023-06-12,2023-06-15,2023-06-16,2023-06-21,188.47,Delivered,9
219,2023-04-20,2023-04-21,2023-04-23,2023-05-01,151.9,Delivered,11
220,2023-02-13,2023-02-17,2023-02-24,2023-03-03,371.76,Delivered,18
221,2023-01-05,2023-01-06,2023-01-12,2023-01-16,458.61,Damaged,11
222,2023-02-16,2023-02-17,2023-02-19,2023-02-28,184.35,Damaged,12
223,2023-04-07,2023-04-10,2023-04-12,2023-04-15,392.86,Delivered,8
224,2023-06-05,2023-06-10,2023-06-13,2023-06-19,432.96,Delivered,14
225,2023-06-30,2023-07-04,2023-07-09,2023-07-12,168.73,Delivered,12
226,2023-05-23,2023-05-27,2023-05-30,2023-06-01,323.96,Damaged,9
227,2023-04-03,2023-04-05,2023-04-06,2023-04-15,99.92,Returned,12
228,2023-04-05,2023-04-08,2023-04-09,2023-04-13,153.82,Delivered,8
229,2023-06-14,2023-06-17,2023-06-19,2023-06-26,331.44,Delivered,12
230,2023-04-24,2023-04-25,2023-04-30,2023-05-09,487.32,Delivered,15
231,2023-03-05,2023-03-07,2023-03-12,2023-03-19,418.35,Delivered,14
232,2023-05-29,2023-06-03,2023-06-04,2023-06-05,269.24,Delivered,7
233,2023-05-08,2023-05-11,2023-05-14,2023-05-20,368.19,Damaged,12
234,2023-04-26,2023-04-29,2023-05-03,2023-05-09,294.37,Delivered,13
235,2023-02-12,2023-02-17,2023-02-22,2023-03-04,57.69,Delivered,20
236,2023-04-16,2023-04-18,2023-04-21,2023-04-30,71.83,Returned,14
237,2023-02-16,2023-02-20,2023-02-22,2023-02-24,147.73,Damaged,8
238,2023-01-25,2023-01-29,2023-01-30,2023-02-01,394.64,Delivered,7
239,2023-01-15,2023-01-18,2023-01-22,2023-01-24,89.71,Delivered,9
240,2023-06-01,2023-06-04,2023-06-10,2023-06-20,229.11,Delivered,19
241,2023-05-02,2023-05-05,2023-05-08,2023-05-18,208.87,Delivered,16
242,2023-03-15,2023-03-20,2023-03-25,2023-03-30,227.11,Delivered,15
243,2023-02-15,2023-02-16,2023-02-23,2023-02-28,380.73,Delivered,13
244,2023-06-22,2023-06-24,2023-06-26,2023-07-06,336.53,Delivered,14
245,2023-01-08,2023-01-09,2023-01-14,2023-01-15,175.51,Delivered,7
246,2023-06-06,2023-06-11,2023-06-16,2023-06-17,121.47,Delivered,11
247,2023-04-05,2023-04-07,2023-04-09,2023-04-18,463.32,Returned,13
248,2023-03-11,2023-03-12,2023-03-18,2023-03-23,443.46,Damaged,12
249,2023-03-03,2023-03-04,2023-03-08,2023-03-10,238.41,Delivered,7
250,2023-05-30,2023-06-03,2023-06-07,2023-06-16,406.31,Delivered,17
251,2023-02-23,2023-02-25,2023-03-04,2023-03-12,368.12,Delivered,17
252,2023-04-16,2023-04-18,2023-04-20,2023-04-28,80.28,Delivered,12
253,2023-06-23,2023-06-27,2023-06-29,2023-07-07,285.69,Delivered,14
254,2023-06-08,2023-06-13,2023-06-17,2023-06-26,499.07,Returned,18
255,2023-02-21,2023-02-24,2023-03-01,2023-03-10,463.81,Delivered,17
256,2023-05-12,2023-05-13,2023-05-16,2023-05-17,166.28,Delivered,5
257,2023-04-26,2023-05-01,2023-05-05,2023-05-13,96.47,Delivered,17
258,2023-04-25,2023-04-29,2023-05-01,2023-05-02,115.69,Delivered,7
259,2023-04-10,2023-04-12,2023-04-13,2023-04-21,321.27,Delivered,11
260,2023-05-13,2023-05-16,2023-05-20,2023-05-27,189.0,Delivered,14
261,2023-03-25,2023-03-26,2023-03-31,2023-04-02,256.45,Delivered,8
262,2023-01-03,2023-01-08,2023-01-13,2023-01-22,257.55,Delivered,19
263,2023-01-14,2023-01-19,2023-01-20,2023-01-24,152.45,Delivered,10
264,2023-06-14,2023-06-17,2023-06-19,2023-06-29,370.64,Delivered,15
265,2023-05-20,2023-05-24,2023-05-25,2023-06-02,185.58,Delivered,13
266,2023-05-21,2023-05-25,2023-05-31,2023-06-10,368.41,Delivered,20
267,2023-03-28,2023-04-01,2023-04-05,2023-04-06,460.85,Delivered,9
268,2023-03-19,2023-03-23,2023-03-30,2023-04-05,198.23,Delivered,17
269,2023-03-30,2023-04-02,2023-04-07,2023-04-09,104.51,Delivered,10
270,2023-02-08,2023-02-09,2023-02-13,2023-02-22,228.39,Returned,14
271,2023-03-07,2023-03-10,2023-03-15,2023-03-23,51.88,Delivered,16
272,2023-06-26,2023-06-29,2023-07-04,2023-07-08,88.44,Damaged,12
273,2023-06-17,2023-06-22,2023-06-28,2023-07-02,298.98,Returned,15
274,2023-06-03,2023-06-06,2023-06-10,2023-06-11,65.45,Delivered,8
275,2023-04-03,2023-04-04,2023-04-11,2023-04-14,375.98,Delivered,11
276,2023-06-24,2023-06-27,2023-06-28,2023-07-06,201.53,Delivered,12
277,2023-02-15,2023-02-19,2023-02-21,2023-02-27,126.87,Delivered,12
278,2023-05-29,2023-05-30,2023-06-06,2023-06-07,455.73,Delivered,9
279,2023-04-17,2023-04-21,2023-04-27,2023-05-06,424.02,Delivered,19
280,2023-02-06,2023-02-10,2023-02-17,2023-02-21,414.59,Delivered,15
281,2023-02-23,2023-02-25,2023-02-28,2023-03-07,271.29,Delivered,12
282,2023-06-13,2023-06-15,2023-06-21,2023-06-27,175.27,Damaged,14
283,2023-04-12,2023-04-16,2023-04-19,2023-04-27,328.44,Delivered,15
284,2023-05-23,2023-05-27,2023-05-28,2023-06-05,178.17,Delivered,13
285,2023-03-30,2023-04-02,2023-04-05,2023-04-14,458.96,Delivered,15
286,2023-02-21,2023-02-26,2023-02-27,2023-03-07,475.71,Delivered,14
287,2023-02-02,2023-02-06,2023-02-08,2023-02-09,204.07,Delivered,7
288,2023-04-29,2023-04-30,2023-05-01,2023-05-05,381.36,Delivered,6
289,2023-02-06,2023-02-11,2023-02-16,2023-02-21,206.56,Delivered,15
290,2023-05-13,2023-05-14,2023-05-15,2023-05-23,195.03,Delivered,10
291,2023-01-19,2023-01-20,2023-01-23,2023-01-26,404.46,Delivered,7
292,2023-02-25,2023-02-27,2023-03-02,2023-03-09,204.8,Delivered,12
293,2023-05-15,2023-05-20,2023-05-22,2023-05-28,59.52,Delivered,13
294,2023-05-20,2023-05-24,2023-05-31,2023-06-06,282.94,Delivered,17
295,2023-02-07,2023-02-10,2023-02-12,2023-02-19,443.13,Delivered,12
296,2023-03-14,2023-03-15,2023-03-18,2023-03-28,266.0,Delivered,14
297,2023-03-23,2023-03-24,2023-03-29,2023-03-31,344.93,Delivered,8
298,2023-06-20,2023-06-25,2023-07-02,2023-07-09,125.8,Delivered,19
299,2023-01-17,2023-01-18,2023-01-20,2023-01-27,473.99,Delivered,10
300,2023-06-05,2023-06-09,2023-06-16,2023-06-20,495.29,Damaged,15
301,2023-02-15,2023-02-17,2023-02-22,2023-03-02,144.32,Delivered,15
302,2023-04-29,2023-05-02,2023-05-09,2023-05-19,434.89,Delivered,20
303,2023-01-23,2023-01-24,2023-01-26,2023-01-27,448.2,Delivered,4
304,2023-02-18,2023-02-20,2023-02-27,2023-03-09,187.08,Delivered,19
305,2023-06-19,2023-06-21,2023-06-26,2023-06-29,75.79,Damaged,10
306,2023-06-18,2023-06-22,2023-06-24,2023-06-28,450.23,Delivered,10
307,2023-06-06,2023-06-10,2023-06-12,2023-06-14,344.6,Delivered,8
308,2023-06-13,2023-06-17,2023-06-20,2023-06-30,145.53,Delivered,17
309,2023-03-13,2023-03-17,2023-03-19,2023-03-20,277.01,Delivered,7
310,2023-04-24,2023-04-27,2023-05-02,2023-05-04,163.48,Delivered,10
311,2023-02-06,2023-02-07,2023-02-12,2023-02-13,168.19,Delivered,7
312,2023-01-21,2023-01-26,2023-02-02,2023-02-07,474.09,Delivered,17
313,2023-04-15,2023-04-20,2023-04-21,2023-04-29,79.67,Delivered,14
314,2023-03-26,2023-03-28,2023-04-04,2023-04-09,424.41,Delivered,14
315,2023-01-18,2023-01-20,2023-01-27,2023-02-02,403.99,Returned,15
316,2023-01-16,2023-01-18,2023-01-23,2023-01-28,374.59,Damaged,12
317,2023-05-24,2023-05-29,2023-05-31,2023-06-03,230.81,Delivered,10
318,2023-04-11,2023-04-16,2023-04-17,2023-04-20,134.18,Delivered,9
319,2023-01-14,2023-01-19,2023-01-25,2023-02-03,54.34,Delivered,20
320,2023-02-12,2023-02-16,2023-02-17,2023-02-22,95.07,Delivered,10
321,2023-01-29,2023-02-03,2023-02-08,2023-02-17,411.26,Delivered,19
322,2023-02-05,2023-02-08,2023-02-13,2023-02-16,347.68,Damaged,11
323,2023-04-11,2023-04-13,2023-04-17,2023-04-27,224.02,Delivered,16
324,2023-01-25,2023-01-28,2023-02-03,2023-02-11,276.81,Delivered,17
325,2023-03-30,2023-04-02,2023-04-07,2023-04-12,64.67,Delivered,13
326,2023-04-14,2023-04-17,2023-04-22,2023-04-23,130.52,Delivered,9
327,2023-06-20,2023-06-23,2023-06-28,2023-07-05,361.86,Delivered,15
328,2023-04-19,2023-04-24,2023-04-25,2023-05-04,426.98,Delivered,15
329,2023-04-10,2023-04-12,2023-04-14,2023-04-15,85.58,Delivered,5
330,2023-04-01,2023-04-05,2023-04-11,2023-04-15,374.83,Damaged,14
331,2023-05-08,2023-05-10,2023-05-17,2023-05-20,385.5,Delivered,12
332,2023-05-18,2023-05-19,2023-05-25,2023-05-31,443.98,Delivered,13
333,2023-04-02,2023-04-07,2023-04-14,2023-04-22,276.86,Delivered,20
334,2023-04-01,2023-04-04,2023-04-05,2023-04-15,83.87,Returned,14
335,2023-05-02,2023-05-03,2023-05-08,2023-05-16,198.42,Delivered,14
336,2023-05-20,2023-05-25,2023-05-30,2023-06-01,124.32,Delivered,12
337,2023-03-01,2023-03-02,2023-03-08,2023-03-16,362.38,Damaged,15
338,2023-01-27,2023-01-29,2023-02-03,2023-02-07,186.58,Delivered,11
339,2023-01-17,2023-01-20,2023-01-24,2023-01-31,381.43,Delivered,14
340,2023-02-20,2023-02-22,2023-02-25,2023-03-05,304.83,Delivered,13
341,2023-06-05,2023-06-08,2023-06-12,2023-06-15,215.05,Damaged,10
342,2023-06-02,2023-06-05,2023-06-09,2023-06-11,467.36,Damaged,9
343,2023-01-08,2023-01-10,2023-01-12,2023-01-22,316.14,Delivered,14
344,2023-04-03,2023-04-06,2023-04-09,2023-04-11,345.74,Returned,8
345,2023-02-04,2023-02-07,2023-02-14,2023-02-20,275.07,Returned,16
346,2023-01-26,2023-01-27,2023-01-31,2023-02-02,280.98,Delivered,7
347,2023-05-23,2023-05-28,2023-05-29,2023-05-31,303.13,Delivered,8
348,2023-05-29,2023-05-31,2023-06-06,2023-06-16,161.73,Damaged,18
349,2023-01-18,2023-01-23,2023-01-29,2023-02-02,400.29,Delivered,15
350,2023-06-15,2023-06-19,2023-06-20,2023-06-24,179.92,Delivered,9
351,2023-01-31,2023-02-03,2023-02-06,2023-02-08,165.69,Delivered,8
352,2023-05-01,2023-05-03,2023-05-04,2023-05-11,340.8,Delivered,10
353,2023-03-26,2023-03-31,2023-04-02,2023-04-12,473.48,Delivered,17
354,2023-03-24,2023-03-29,2023-03-30,2023-03-31,384.91,Delivered,7
355,2023-01-13,2023-01-14,2023-01-19,2023-01-27,124.53,Delivered,14
356,2023-02-08,2023-02-12,2023-02-19,2023-02-26,262.62,Delivered,18
357,2023-01-26,2023-01-31,2023-02-04,2023-02-09,487.28,Damaged,14
358,2023-04-11,2023-04-16,2023-04-20,2023-04-22,367.52,Delivered,11
359,2023-05-18,2023-05-22,2023-05-29,2023-06-07,448.29,Delivered,20
360,2023-01-08,2023-01-13,2023-01-16,2023-01-17,327.68,Delivered,9
361,2023-05-22,2023-05-26,2023-05-29,2023-06-03,441.88,Delivered,12
362,2023-05-21,2023-05-23,2023-05-25,2023-05-26,83.85,Delivered,5
363,2023-03-07,2023-03-10,2023-03-16,2023-03-26,82.34,Delivered,19
364,2023-03-27,2023-03-30,2023-04-04,2023-04-09,296.86,Delivered,13
365,2023-06-17,2023-06-19,2023-06-25,2023-07-03,345.09,Delivered,16
366,2023-01-10,2023-01-12,2023-01-18,2023-01-21,308.16,Delivered,11
367,2023-06-19,2023-06-21,2023-06-28,2023-07-08,418.23,Delivered,19
368,2023-04-14,2023-04-15,2023-04-17,2023-04-19,329.97,Delivered,5
369,2023-01-29,2023-01-30,2023-02-03,2023-02-10,440.88,Delivered,12
370,2023-05-03,2023-05-06,2023-05-12,2023-05-19,125.51,Delivered,16
371,2023-05-21,2023-05-22,2023-05-23,2023-06-02,266.95,Delivered,12
372,2023-04-25,2023-04-29,2023-05-02,2023-05-04,132.34,Delivered,9
373,2023-03-30,2023-04-04,2023-04-05,2023-04-07,253.31,Delivered,8
374,2023-04-24,2023-04-28,2023-05-05,2023-05-11,86.01,Delivered,17
375,2023-06-07,2023-06-09,2023-06-15,2023-06-19,339.31,Delivered,12
376,2023-01-06,2023-01-08,2023-01-09,2023-01-12,259.39,Damaged,6
377,2023-05-05,2023-05-08,2023-05-09,2023-05-15,351.97,Delivered,10
378,2023-05-03,2023-05-04,2023-05-11,2023-05-21,209.62,Delivered,18
379,2023-02-06,2023-02-11,2023-02-13,2023-02-17,337.37,Returned,11
380,2023-03-10,2023-03-15,2023-03-18,2023-03-20,371.69,Delivered,10
381,2023-04-20,2023-04-23,2023-04-25,2023-05-02,168.1,Delivered,12
382,2023-03-22,2023-03-25,2023-03-30,2023-04-07,338.72,Delivered,16
383,2023-01-31,2023-02-03,2023-02-06,2023-02-07,456.63,Delivered,7
384,2023-05-28,2023-06-02,2023-06-03,2023-06-11,191.5,Delivered,14
385,2023-02-08,2023-02-09,2023-02-13,2023-02-23,124.47,Delivered,15
386,2023-06-21,2023-06-23,2023-06-24,2023-06-30,184.31,Delivered,9
387,2023-01-16,2023-01-19,2023-01-26,2023-01-28,134.26,Delivered,12
388,2023-02-19,2023-02-23,2023-03-02,2023-03-09,219.21,Delivered,18
389,2023-04-08,2023-04-12,2023-04-15,2023-04-17,295.42,Delivered,9
390,2023-01-29,2023-02-02,2023-02-06,2023-02-09,350.67,Delivered,11
391,2023-05-13,2023-05-15,2023-05-21,2023-05-23,471.24,Delivered,10
392,2023-01-13,2023-01-18,2023-01-22,2023-01-26,466.51,Delivered,13
393,2023-03-13,2023-03-14,2023-03-19,2023-03-29,165.37,Delivered,16
394,2023-06-02,2023-06-07,2023-06-13,2023-06-16,196.2,Delivered,14
395,2023-05-06,2023-05-11,2023-05-16,2023-05-19,120.44,Damaged,13
396,2023-03-13,2023-03-17,2023-03-19,2023-03-24,106.79,Delivered,11
397,2023-01-21,2023-01-26,2023-01-30,2023-02-08,61.18,Delivered,18
398,2023-03-13,2023-03-14,2023-03-17,2023-03-19,491.91,Damaged,6
399,2023-05-09,2023-05-11,2023-05-13,2023-05-23,430.6,Delivered,14
400,2023-03-09,2023-03-14,2023-03-18,2023-03-28,290.31,Delivered,19
401,2023-06-21,2023-06-23,2023-06-28,2023-07-04,261.83,Delivered,13
402,2023-01-25,2023-01-26,2023-02-02,2023-02-04,169.46,Delivered,10
403,2023-04-11,2023-04-14,2023-04-16,2023-04-25,168.73,Delivered,14
404,2023-05-14,2023-05-15,2023-05-16,2023-05-17,112.04,Delivered,3
405,2023-04-04,2023-04-05,2023-04-09,2023-04-12,139.42,Delivered,8
406,2023-04-30,2023-05-01,2023-05-02,2023-05-09,89.73,Delivered,9
407,2023-02-15,2023-02-18,2023-02-19,2023-03-01,68.26,Damaged,14
408,2023-04-25,2023-04-27,2023-04-29,2023-05-02,447.45,Delivered,7
409,2023-03-28,2023-03-30,2023-04-01,2023-04-10,203.15,Delivered,13
410,2023-05-02,2023-05-05,2023-05-12,2023-05-15,258.38,Delivered,13
411,2023-05-07,2023-05-11,2023-05-16,2023-05-26,331.96,Returned,19
412,2023-05-10,2023-05-12,2023-05-17,2023-05-27,119.81,Delivered,17
413,2023-06-16,2023-06-18,2023-06-22,2023-06-30,442.13,Delivered,14
414,2023-04-25,2023-04-26,2023-04-29,2023-05-07,57.63,Delivered,12
415,2023-01-03,2023-01-08,2023-01-10,2023-01-12,161.41,Delivered,9
416,2023-01-24,2023-01-28,2023-02-04,2023-02-11,250.3,Delivered,18
417,2023-04-17,2023-04-18,2023-04-21,2023-05-01,488.93,Returned,14
418,2023-03-23,2023-03-27,2023-03-30,2023-03-31,73.28,Delivered,8
419,2023-02-22,2023-02-24,2023-03-02,2023-03-03,435.78,Delivered,9
420,2023-06-20,2023-06-21,2023-06-24,2023-07-02,196.74,Delivered,12
421,2023-04-10,2023-04-12,2023-04-14,2023-04-18,410.48,Delivered,8
422,2023-03-28,2023-04-01,2023-04-07,2023-04-10,375.04,Returned,13
423,2023-03-16,2023-03-20,2023-03-23,2023-04-02,490.51,Delivered,17
424,2023-04-30,2023-05-01,2023-05-05,2023-05-14,483.16,Damaged,14
425,2023-02-14,2023-02-16,2023-02-21,2023-02-27,466.34,Damaged,13
426,2023-04-04,2023-04-06,2023-04-12,2023-04-13,317.72,Delivered,9
427,2023-04-17,2023-04-19,2023-04-23,2023-05-01,73.54,Delivered,14
428,2023-04-26,2023-04-30,2023-05-05,2023-05-14,358.85,Delivered,18
429,2023-02-16,2023-02-20,2023-02-27,2023-03-05,152.78,Delivered,17
430,2023-03-27,2023-03-30,2023-04-06,2023-04-09,440.28,Delivered,13
431,2023-05-07,2023-05-12,2023-05-18,2023-05-26,361.49,Damaged,19
432,2023-05-04,2023-05-06,2023-05-10,2023-05-20,411.92,Delivered,16
433,2023-04-14,2023-04-17,2023-04-23,2023-04-25,272.21,Delivered,11
434,2023-06-07,2023-06-09,2023-06-11,2023-06-12,259.95,Delivered,5
435,2023-06-09,2023-06-11,2023-06-12,2023-06-13,257.05,Delivered,4
436,2023-02-24,2023-02-25,2023-03-03,2023-03-12,138.11,Delivered,16
437,2023-05-20,2023-05-21,2023-05-28,2023-06-01,299.92,Damaged,12
438,2023-04-27,2023-05-01,2023-05-03,2023-05-05,89.94,Delivered,8
439,2023-05-06,2023-05-10,2023-05-15,2023-05-17,233.82,Delivered,11
440,2023-01-22,2023-01-25,2023-02-01,2023-02-06,86.0,Delivered,15
441,2023-05-10,2023-05-15,2023-05-20,2023-05-25,310.51,Delivered,15
442,2023-02-14,2023-02-15,2023-02-19,2023-02-25,318.98,Delivered,11
443,2023-01-23,2023-01-28,2023-01-29,2023-02-01,466.49,Delivered,9
444,2023-03-14,2023-03-16,2023-03-23,2023-03-24,275.35,Delivered,10
445,2023-04-01,2023-04-03,2023-04-10,2023-04-19,222.86,Delivered,18
446,2023-01-29,2023-02-01,2023-02-08,2023-02-09,95.31,Delivered,11
447,2023-03-14,2023-03-17,2023-03-19,2023-03-28,424.97,Delivered,14
448,2023-06-22,2023-06-27,2023-07-01,2023-07-03,87.37,Delivered,11
449,2023-01-16,2023-01-17,2023-01-24,2023-01-31,435.99,Damaged,15
450,2023-04-17,2023-04-18,2023-04-25,2023-04-29,190.97,Delivered,12
451,2023-02-14,2023-02-15,2023-02-21,2023-02-27,263.11,Delivered,13
452,2023-01-04,2023-01-05,2023-01-12,2023-01-22,242.47,Returned,18
453,2023-04-01,2023-04-06,2023-04-07,2023-04-14,95.31,Delivered,13
454,2023-03-21,2023-03-26,2023-03-30,2023-04-08,498.13,Delivered,18
455,2023-04-17,2023-04-20,2023-04-25,2023-04-28,386.04,Delivered,11
456,2023-03-06,2023-03-07,2023-03-12,2023-03-13,149.89,Damaged,7
457,2023-01-13,2023-01-18,2023-01-20,2023-01-24,57.06,Delivered,11
458,2023-01-10,2023-01-13,2023-01-16,2023-01-19,463.67,Delivered,9
459,2023-01-25,2023-01-29,2023-02-02,2023-02-09,235.17,Delivered,15
460,2023-03-31,2023-04-04,2023-04-07,2023-04-14,327.12,Delivered,14
461,2023-06-19,2023-06-22,2023-06-26,2023-06-30,199.21,Returned,11
462,2023-06-12,2023-06-17,2023-06-19,2023-06-27,370.66,Delivered,15
463,2023-05-24,2023-05-28,2023-06-04,2023-06-12,91.26,Delivered,19
464,2023-05-07,2023-05-12,2023-05-17,2023-05-18,285.45,Delivered,11
465,2023-02-10,2023-02-14,2023-02-17,2023-02-25,159.02,Delivered,15
466,2023-02-03,2023-02-05,2023-02-10,2023-02-14,300.11,Delivered,11
467,2023-05-30,2023-06-02,2023-06-03,2023-06-11,297.58,Delivered,12
468,2023-05-18,2023-05-21,2023-05-25,2023-05-29,102.94,Delivered,11
469,2023-02-24,2023-02-28,2023-03-01,2023-03-02,399.99,Delivered,6
470,2023-04-15,2023-04-16,2023-04-20,2023-04-25,218.01,Delivered,10
471,2023-02-01,2023-02-04,2023-02-05,2023-02-07,97.83,Delivered,6
472,2023-02-03,2023-02-05,2023-02-09,2023-02-16,235.34,Delivered,13
473,2023-05-24,2023-05-29,2023-06-05,2023-06-10,246.75,Delivered,17
474,2023-03-05,2023-03-06,2023-03-10,2023-03-17,243.98,Delivered,12
475,2023-01-21,2023-01-26,2023-02-01,2023-02-08,498.84,Delivered,18
476,2023-03-01,2023-03-04,2023-03-09,2023-03-15,451.8,Damaged,14
477,2023-06-06,2023-06-07,2023-06-13,2023-06-20,216.12,Delivered,14
478,2023-04-24,2023-04-28,2023-04-30,2023-05-04,458.93,Delivered,10
479,2023-04-15,2023-04-16,2023-04-22,2023-04-26,488.85,Delivered,11
480,2023-02-13,2023-02-14,2023-02-16,2023-02-17,414.07,Delivered,4
481,2023-05-29,2023-06-01,2023-06-05,2023-06-08,407.83,Delivered,10
482,2023-04-10,2023-04-15,2023-04-18,2023-04-20,92.98,Delivered,10
483,2023-01-17,2023-01-19,2023-01-25,2023-01-28,315.43,Damaged,11
484,2023-06-29,2023-07-04,2023-07-06,2023-07-16,91.58,Delivered,17
485,2023-06-18,2023-06-22,2023-06-24,2023-06-29,55.08,Delivered,11
486,2023-01-23,2023-01-28,2023-01-31,2023-02-10,394.61,Returned,18
487,2023-01-03,2023-01-08,2023-01-15,2023-01-21,174.22,Delivered,18
488,2023-05-18,2023-05-19,2023-05-21,2023-05-27,274.05,Delivered,9
489,2023-06-15,2023-06-16,2023-06-21,2023-06-26,403.84,Damaged,11
490,2023-05-26,2023-05-27,2023-05-28,2023-06-07,454.1,Delivered,12
491,2023-04-29,2023-05-01,2023-05-03,2023-05-05,423.07,Returned,6
492,2023-04-25,2023-04-26,2023-04-28,2023-05-06,51.99,Delivered,11
493,2023-05-27,2023-05-28,2023-05-30,2023-06-01,480.08,Delivered,5
494,2023-05-11,2023-05-16,2023-05-21,2023-05-24,473.28,Delivered,13
495,2023-04-21,2023-04-26,2023-04-30,2023-05-09,60.67,Delivered,18
496,2023-02-24,2023-02-26,2023-03-02,2023-03-10,210.84,Delivered,14
497,2023-05-25,2023-05-28,2023-06-02,2023-06-06,390.05,Delivered,12
498,2023-05-25,2023-05-27,2023-05-28,2023-06-03,114.06,Delivered,9
499,2023-04-30,2023-05-01,2023-05-03,2023-05-13,199.56,Delivered,13
500,2023-05-25,2023-05-28,2023-05-30,2023-06-06,308.42,Delivered,12
501,2023-06-06,2023-06-07,2023-06-08,2023-06-11,285.85,Damaged,5
502,2023-03-23,2023-03-27,2023-03-29,2023-03-31,408.08,Damaged,8
503,2023-04-28,2023-04-30,2023-05-06,2023-05-11,267.54,Delivered,13
504,2023-06-22,2023-06-25,2023-06-26,2023-06-28,429.28,Returned,6
505,2023-05-19,2023-05-22,2023-05-25,2023-05-29,454.69,Delivered,10
506,2023-05-24,2023-05-26,2023-05-28,2023-05-31,82.53,Delivered,7
507,2023-05-13,2023-05-17,2023-05-21,2023-05-29,100.27,Delivered,16
508,2023-04-05,2023-04-08,2023-04-13,2023-04-17,336.72,Delivered,12
509,2023-06-07,2023-06-11,2023-06-13,2023-06-17,347.14,Delivered,10
510,2023-05-05,2023-05-10,2023-05-17,2023-05-26,466.04,Damaged,21
511,2023-05-31,2023-06-04,2023-06-11,2023-06-17,393.15,Returned,17
512,2023-03-02,2023-03-06,2023-03-11,2023-03-19,413.32,Delivered,17
513,2023-06-01,2023-06-03,2023-06-09,2023-06-18,208.14,Delivered,17
514,2023-03-22,2023-03-26,2023-03-30,2023-04-03,51.2,Damaged,12
515,2023-01-01,2023-01-03,2023-01-04,2023-01-14,259.32,Delivered,13
516,2023-02-05,2023-02-09,2023-02-16,2023-02-18,326.25,Delivered,13
517,2023-03-08,2023-03-12,2023-03-13,2023-03-22,118.77,Delivered,14
518,2023-05-02,2023-05-07,2023-05-11,2023-05-21,373.58,Damaged,19
519,2023-05-27,2023-06-01,2023-06-06,2023-06-16,131.6,Delivered,20
520,2023-05-22,2023-05-24,2023-05-31,2023-06-10,145.09,Delivered,19
521,2023-01-01,2023-01-05,2023-01-12,2023-01-22,239.67,Delivered,21
522,2023-04-13,2023-04-16,2023-04-23,2023-04-30,98.28,Delivered,17
523,2023-04-12,2023-04-16,2023-04-21,2023-04-28,114.5,Delivered,16
524,2023-03-24,2023-03-25,2023-03-28,2023-04-06,118.85,Delivered,13
525,2023-06-01,2023-06-06,2023-06-12,2023-06-17,126.55,Delivered,16
526,2023-06-25,2023-06-27,2023-07-04,2023-07-14,152.05,Delivered,19
527,2023-06-24,2023-06-27,2023-07-02,2023-07-07,163.04,Delivered,13
528,2023-03-10,2023-03-14,2023-03-20,2023-03-25,398.64,Delivered,15
529,2023-03-17,2023-03-20,2023-03-21,2023-03-25,424.65,Delivered,8
530,2023-03-21,2023-03-26,2023-04-02,2023-04-04,392.65,Delivered,14
531,2023-01-13,2023-01-17,2023-01-21,2023-01-23,315.03,Delivered,10
532,2023-04-25,2023-04-27,2023-04-30,2023-05-04,149.36,Delivered,9
533,2023-05-18,2023-05-23,2023-05-30,2023-06-04,407.75,Damaged,17
534,2023-04-22,2023-04-27,2023-05-01,2023-05-09,221.75,Delivered,17
535,2023-03-03,2023-03-08,2023-03-15,2023-03-16,438.66,Returned,13
536,2023-05-14,2023-05-19,2023-05-26,2023-05-28,482.69,Delivered,14
537,2023-05-04,2023-05-08,2023-05-12,2023-05-13,288.42,Delivered,9
538,2023-04-28,2023-05-03,2023-05-08,2023-05-15,253.85,Delivered,17
539,2023-03-18,2023-03-21,2023-03-23,2023-04-02,52.96,Delivered,15
540,2023-06-26,2023-06-27,2023-07-02,2023-07-12,353.39,Damaged,16
541,2023-05-24,2023-05-26,2023-05-31,2023-06-09,125.32,Delivered,16
542,2023-03-10,2023-03-13,2023-03-15,2023-03-24,484.53,Delivered,14
543,2023-01-30,2023-02-01,2023-02-02,2023-02-05,343.15,Returned,6
544,2023-06-27,2023-07-01,2023-07-07,2023-07-13,435.59,Delivered,16
545,2023-02-19,2023-02-22,2023-02-24,2023-02-25,362.21,Delivered,6
546,2023-01-13,2023-01-15,2023-01-19,2023-01-22,488.98,Delivered,9
547,2023-04-20,2023-04-24,2023-04-25,2023-05-04,133.89,Delivered,14
548,2023-02-18,2023-02-22,2023-02-27,2023-03-07,492.1,Returned,17
549,2023-02-26,2023-03-03,2023-03-06,2023-03-07,224.81,Delivered,9
550,2023-04-07,2023-04-11,2023-04-18,2023-04-24,324.39,Delivered,17
551,2023-04-14,2023-04-18,2023-04-22,2023-04-28,105.27,Returned,14
552,2023-04-26,2023-04-30,2023-05-03,2023-05-11,198.46,Delivered,15
553,2023-05-07,2023-05-09,2023-05-10,2023-05-12,423.99,Delivered,5
554,2023-01-21,2023-01-25,2023-01-28,2023-01-29,181.22,Returned,8
555,2023-01-17,2023-01-22,2023-01-24,2023-01-26,158.89,Delivered,9
556,2023-04-07,2023-04-09,2023-04-16,2023-04-18,452.89,Delivered,11
557,2023-02-25,2023-03-02,2023-03-09,2023-03-12,344.02,Delivered,15
558,2023-06-22,2023-06-23,2023-06-28,2023-07-06,258.24,Damaged,14
559,2023-05-17,2023-05-20,2023-05-25,2023-05-28,297.24,Delivered,11
560,2023-04-30,2023-05-01,2023-05-08,2023-05-09,420.84,Delivered,9
561,2023-03-27,2023-03-31,2023-04-06,2023-04-10,129.07,Delivered,14
562,2023-02-12,2023-02-14,2023-02-18,2023-02-26,365.96,Delivered,14
563,2023-05-30,2023-06-03,2023-06-09,2023-06-12,240.99,Delivered,13
564,2023-03-24,2023-03-26,2023-04-01,2023-04-05,473.11,Delivered,12
565,2023-02-04,2023-02-08,2023-02-11,2023-02-14,358.06,Delivered,10
566,2023-01-01,2023-01-03,2023-01-04,2023-01-14,90.91,Delivered,13
567,2023-06-14,2023-06-18,2023-06-25,2023-07-02,300.3,Delivered,18
568,2023-05-04,2023-05-06,2023-05-08,2023-05-09,154.65,Delivered,5
569,2023-01-14,2023-01-18,2023-01-19,2023-01-23,70.48,Delivered,9
570,2023-06-07,2023-06-10,2023-06-14,2023-06-18,260.19,Delivered,11
571,2023-04-20,2023-04-25,2023-05-02,2023-05-04,453.03,Delivered,14
572,2023-01-31,2023-02-04,2023-02-06,2023-02-11,402.48,Delivered,11
573,2023-04-16,2023-04-18,2023-04-21,2023-04-29,401.25,Delivered,13
574,2023-05-26,2023-05-30,2023-06-04,2023-06-07,165.17,Damaged,12
575,2023-05-18,2023-05-21,2023-05-25,2023-05-28,149.6,Delivered,10
576,2023-02-17,2023-02-20,2023-02-24,2023-02-26,96.65,Damaged,9
577,2023-05-12,2023-05-13,2023-05-20,2023-05-30,471.58,Delivered,18
578,2023-01-05,2023-01-07,2023-01-10,2023-01-17,115.65,Returned,12
579,2023-01-25,2023-01-30,2023-02-06,2023-02-09,114.66,Delivered,15
580,2023-06-22,2023-06-23,2023-06-26,2023-06-27,419.81,Delivered,5
581,2023-02-07,2023-02-08,2023-02-13,2023-02-22,336.0,Damaged,15
582,2023-06-19,2023-06-24,2023-06-28,2023-07-05,130.92,Delivered,16
583,2023-05-20,2023-05-24,2023-05-25,2023-05-30,369.4,Delivered,10
584,2023-01-28,2023-01-29,2023-01-30,2023-02-05,457.18,Delivered,8
585,2023-02-02,2023-02-05,2023-02-07,2023-02-08,164.21,Delivered,6
586,2023-03-09,2023-03-14,2023-03-16,2023-03-25,247.44,Returned,16
587,2023-05-10,2023-05-15,2023-05-19,2023-05-23,274.93,Delivered,13
588,2023-05-07,2023-05-11,2023-05-14,2023-05-22,345.14,Delivered,15
589,2023-04-21,2023-04-24,2023-04-27,2023-05-06,300.59,Delivered,15
590,2023-05-17,2023-05-20,2023-05-23,2023-05-25,162.18,Delivered,8
591,2023-05-02,2023-05-07,2023-05-13,2023-05-14,498.7,Delivered,12
592,2023-05-13,2023-05-18,2023-05-20,2023-05-25,443.31,Delivered,12
593,2023-04-14,2023-04-19,2023-04-23,2023-04-28,446.09,Damaged,14
594,2023-02-27,2023-03-02,2023-03-08,2023-03-12,220.31,Delivered,13
595,2023-04-06,2023-04-11,2023-04-17,2023-04-18,340.91,Returned,12
596,2023-03-27,2023-03-28,2023-03-30,2023-04-09,215.92,Returned,13
597,2023-02-10,2023-02-11,2023-02-18,2023-02-19,492.98,Delivered,9
598,2023-04-24,2023-04-26,2023-04-28,2023-04-30,407.93,Delivered,6
599,2023-06-05,2023-06-09,2023-06-13,2023-06-14,494.94,Delivered,9
600,2023-05-17,2023-05-21,2023-05-24,2023-06-01,216.82,Delivered,15
601,2023-06-28,2023-06-30,2023-07-07,2023-07-11,409.41,Damaged,13
602,2023-05-19,2023-05-22,2023-05-24,2023-05-28,311.44,Damaged,9
603,2023-02-13,2023-02-15,2023-02-21,2023-02-24,100.4,Delivered,11
604,2023-04-06,2023-04-09,2023-04-10,2023-04-15,189.2,Delivered,9
605,2023-02-07,2023-02-08,2023-02-13,2023-02-23,364.39,Delivered,16
606,2023-06-01,2023-06-03,2023-06-09,2023-06-14,307.94,Delivered,13
607,2023-02-10,2023-02-12,2023-02-13,2023-02-23,177.02,Delivered,13
608,2023-06-13,2023-06-17,2023-06-21,2023-06-30,452.97,Delivered,17
609,2023-04-01,2023-04-03,2023-04-05,2023-04-14,60.72,Delivered,13
610,2023-03-23,2023-03-25,2023-03-30,2023-04-07,494.08,Delivered,15
611,2023-06-22,2023-06-23,2023-06-25,2023-06-28,63.69,Delivered,6
612,2023-02-22,2023-02-24,2023-03-02,2023-03-04,430.29,Delivered,10
613,2023-04-13,2023-04-18,2023-04-20,2023-04-28,394.74,Delivered,15
614,2023-03-30,2023-04-01,2023-04-07,2023-04-12,149.6,Returned,13
615,2023-04-09,2023-04-14,2023-04-17,2023-04-23,181.91,Delivered,14
616,2023-05-10,2023-05-14,2023-05-18,2023-05-25,342.48,Delivered,15
617,2023-05-05,2023-05-10,2023-05-12,2023-05-14,464.35,Delivered,9
618,2023-03-25,2023-03-27,2023-03-28,2023-04-02,458.75,Delivered,8
619,2023-04-09,2023-04-13,2023-04-20,2023-04-24,416.13,Delivered,15
620,2023-03-11,2023-03-12,2023-03-14,2023-03-21,461.73,Delivered,10
621,2023-04-25,2023-04-26,2023-05-02,2023-05-03,256.96,Delivered,8
622,2023-02-17,2023-02-21,2023-02-23,2023-02-27,372.69,Delivered,10
623,2023-05-18,2023-05-21,2023-05-25,2023-05-26,444.06,Delivered,8
624,2023-06-24,2023-06-28,2023-07-02,2023-07-09,165.38,Delivered,15
625,2023-01-19,2023-01-21,2023-01-26,2023-01-29,186.67,Delivered,10
626,2023-04-16,2023-04-17,2023-04-19,2023-04-22,243.21,Delivered,6
627,2023-01-16,2023-01-17,2023-01-23,2023-01-25,438.11,Delivered,9
628,2023-04-28,2023-05-03,2023-05-08,2023-05-13,448.79,Delivered,15
629,2023-05-21,2023-05-22,2023-05-23,2023-05-30,498.16,Delivered,9
630,2023-04-24,2023-04-28,2023-04-30,2023-05-09,213.93,Delivered,15
631,2023-01-06,2023-01-10,2023-01-14,2023-01-24,426.7,Delivered,18
632,2023-06-08,2023-06-11,2023-06-12,2023-06-15,140.17,Delivered,7
633,2023-05-20,2023-05-25,2023-05-31,2023-06-10,449.26,Delivered,21
634,2023-01-30,2023-01-31,2023-02-03,2023-02-05,274.61,Delivered,6
635,2023-05-04,2023-05-06,2023-05-13,2023-05-19,74.86,Returned,15
636,2023-05-01,2023-05-05,2023-05-11,2023-05-18,138.87,Delivered,17
637,2023-05-03,2023-05-05,2023-05-11,2023-05-15,445.38,Returned,12
638,2023-04-07,2023-04-08,2023-04-10,2023-04-17,80.58,Delivered,10
639,2023-04-13,2023-04-15,2023-04-18,2023-04-26,128.15,Delivered,13
640,2023-01-01,2023-01-05,2023-01-08,2023-01-10,399.12,Delivered,9
641,2023-04-18,2023-04-21,2023-04-23,2023-05-02,72.59,Delivered,14
642,2023-05-27,2023-05-29,2023-06-05,2023-06-07,71.51,Delivered,11
643,2023-03-20,2023-03-24,2023-03-27,2023-03-28,249.11,Delivered,8
644,2023-01-14,2023-01-16,2023-01-19,2023-01-26,204.62,Delivered,12
645,2023-01-16,2023-01-18,2023-01-19,2023-01-25,424.91,Returned,9
646,2023-01-17,2023-01-18,2023-01-21,2023-01-30,188.09,Delivered,13
647,2023-03-07,2023-03-09,2023-03-15,2023-03-21,250.5,Delivered,14
648,2023-03-06,2023-03-08,2023-03-09,2023-03-19,229.18,Delivered,13
649,2023-06-05,2023-06-08,2023-06-10,2023-06-19,241.53,Delivered,14
650,2023-02-16,2023-02-18,2023-02-20,2023-02-22,339.03,Delivered,6
651,2023-06-13,2023-06-15,2023-06-21,2023-06-26,209.11,Delivered,13
652,2023-02-22,2023-02-27,2023-03-06,2023-03-15,227.7,Delivered,21
653,2023-02-15,2023-02-19,2023-02-25,2023-03-04,298.38,Delivered,17
654,2023-05-24,2023-05-25,2023-05-31,2023-06-05,371.4,Delivered,12
655,2023-04-08,2023-04-12,2023-04-19,2023-04-24,348.78,Damaged,16
656,2023-01-28,2023-02-01,2023-02-08,2023-02-17,352.41,Delivered,20
657,2023-06-08,2023-06-13,2023-06-15,2023-06-20,196.53,Delivered,12
658,2023-03-19,2023-03-23,2023-03-29,2023-04-04,414.11,Delivered,16
659,2023-06-11,2023-06-15,2023-06-21,2023-06-23,494.71,Delivered,12
660,2023-02-04,2023-02-07,2023-02-13,2023-02-14,67.39,Delivered,10
661,2023-04-15,2023-04-19,2023-04-25,2023-04-26,269.67,Delivered,11
662,2023-01-05,2023-01-08,2023-01-11,2023-01-19,439.2,Delivered,14
663,2023-06-13,2023-06-15,2023-06-19,2023-06-29,108.45,Returned,16
664,2023-03-02,2023-03-06,2023-03-08,2023-03-10,173.66,Delivered,8
665,2023-05-29,2023-06-02,2023-06-09,2023-06-17,333.19,Damaged,19
666,2023-01-09,2023-01-12,2023-01-19,2023-01-25,177.01,Delivered,16
667,2023-06-24,2023-06-28,2023-07-04,2023-07-07,302.25,Damaged,13
668,2023-06-02,2023-06-03,2023-06-07,2023-06-10,162.59,Returned,8
669,2023-04-17,2023-04-22,2023-04-28,2023-05-03,296.51,Delivered,16
670,2023-05-08,2023-05-13,2023-05-15,2023-05-25,179.39,Delivered,17
671,2023-03-09,2023-03-13,2023-03-20,2023-03-24,397.65,Delivered,15
672,2023-05-15,2023-05-17,2023-05-20,2023-05-30,153.41,Delivered,15
673,2023-06-04,2023-06-09,2023-06-10,2023-06-12,318.06,Delivered,8
674,2023-02-19,2023-02-22,2023-02-26,2023-03-08,101.93,Damaged,17
675,2023-05-05,2023-05-06,2023-05-12,2023-05-19,455.49,Delivered,14
676,2023-01-20,2023-01-23,2023-01-30,2023-02-09,266.66,Delivered,20
677,2023-02-01,2023-02-05,2023-02-08,2023-02-18,389.89,Delivered,17
678,2023-03-12,2023-03-16,2023-03-23,2023-03-30,430.14,Delivered,18
679,2023-05-04,2023-05-08,2023-05-11,2023-05-19,464.53,Delivered,15
680,2023-04-29,2023-05-04,2023-05-05,2023-05-15,236.04,Damaged,16
681,2023-04-05,2023-04-08,2023-04-14,2023-04-16,457.92,Damaged,11
682,2023-04-12,2023-04-14,2023-04-16,2023-04-26,220.37,Delivered,14
683,2023-02-01,2023-02-03,2023-02-08,2023-02-12,423.64,Delivered,11
684,2023-02-07,2023-02-10,2023-02-17,2023-02-27,322.45,Returned,20
685,2023-02-20,2023-02-23,2023-02-26,2023-03-04,105.81,Delivered,12
686,2023-04-03,2023-04-04,2023-04-05,2023-04-12,465.7,Returned,9
687,2023-01-09,2023-01-10,2023-01-14,2023-01-17,85.73,Delivered,8
688,2023-01-23,2023-01-27,2023-01-30,2023-02-01,182.12,Delivered,9
689,2023-03-23,2023-03-27,2023-03-28,2023-04-04,161.56,Delivered,12
690,2023-03-08,2023-03-12,2023-03-15,2023-03-18,162.32,Damaged,10
691,2023-05-28,2023-05-29,2023-06-01,2023-06-04,386.36,Delivered,7
692,2023-06-27,2023-06-28,2023-06-29,2023-07-03,416.25,Delivered,6
693,2023-01-17,2023-01-18,2023-01-21,2023-01-27,430.14,Delivered,10
694,2023-06-29,2023-07-04,2023-07-05,2023-07-09,72.3,Delivered,10
695,2023-03-31,2023-04-02,2023-04-05,2023-04-08,371.89,Returned,8
696,2023-05-21,2023-05-25,2023-05-29,2023-06-05,195.6,Delivered,15
697,2023-03-26,2023-03-27,2023-03-29,2023-04-07,385.74,Returned,12
698,2023-04-19,2023-04-20,2023-04-24,2023-04-26,422.13,Delivered,7
699,2023-04-30,2023-05-05,2023-05-07,2023-05-14,426.39,Delivered,14
700,2023-01-11,2023-01-16,2023-01-17,2023-01-24,375.66,Damaged,13
701,2023-06-04,2023-06-07,2023-06-13,2023-06-18,499.24,Delivered,14
702,2023-02-12,2023-02-14,2023-02-16,2023-02-22,170.68,Delivered,10
703,2023-01-09,2023-01-11,2023-01-13,2023-01-16,475.37,Delivered,7
704,2023-02-06,2023-02-09,2023-02-13,2023-02-17,242.21,Delivered,11
705,2023-02-25,2023-02-26,2023-03-01,2023-03-05,141.95,Delivered,8
706,2023-01-01,2023-01-04,2023-01-06,2023-01-13,248.64,Delivered,12
707,2023-01-07,2023-01-10,2023-01-12,2023-01-14,192.03,Delivered,7
708,2023-04-14,2023-04-18,2023-04-20,2023-04-25,100.37,Delivered,11
709,2023-03-13,2023-03-17,2023-03-20,2023-03-28,224.34,Delivered,15
710,2023-01-31,2023-02-02,2023-02-09,2023-02-19,386.51,Delivered,19
711,2023-05-15,2023-05-16,2023-05-19,2023-05-20,64.81,Delivered,5
712,2023-04-30,2023-05-01,2023-05-06,2023-05-12,81.18,Delivered,12
713,2023-02-08,2023-02-10,2023-02-11,2023-02-18,418.75,Delivered,10
714,2023-03-19,2023-03-23,2023-03-28,2023-04-04,90.55,Returned,16
715,2023-01-20,2023-01-22,2023-01-27,2023-02-02,249.57,Delivered,13
716,2023-04-26,2023-04-30,2023-05-07,2023-05-12,114.07,Delivered,16
717,2023-06-23,2023-06-28,2023-07-03,2023-07-11,462.72,Delivered,18
718,2023-06-18,2023-06-19,2023-06-24,2023-07-04,392.83,Damaged,16
719,2023-06-04,2023-06-08,2023-06-11,2023-06-21,223.3,Delivered,17
720,2023-04-27,2023-04-30,2023-05-07,2023-05-15,189.73,Delivered,18
721,2023-03-11,2023-03-14,2023-03-20,2023-03-23,350.98,Delivered,12
722,2023-04-11,2023-04-12,2023-04-19,2023-04-29,64.52,Delivered,18
723,2023-06-17,2023-06-18,2023-06-19,2023-06-25,197.47,Delivered,8
724,2023-02-10,2023-02-11,2023-02-14,2023-02-15,140.48,Delivered,5
725,2023-02-24,2023-02-25,2023-03-02,2023-03-12,169.18,Delivered,16
726,2023-06-19,2023-06-23,2023-06-26,2023-06-28,136.94,Delivered,9
727,2023-01-18,2023-01-19,2023-01-25,2023-02-03,307.59,Delivered,16
728,2023-03-04,2023-03-08,2023-03-10,2023-03-14,95.92,Returned,10
729,2023-05-29,2023-06-01,2023-06-07,2023-06-11,261.44,Delivered,13
730,2023-01-30,2023-02-01,2023-02-08,2023-02-14,202.46,Delivered,15
731,2023-06-17,2023-06-22,2023-06-24,2023-06-27,195.98,Delivered,10
732,2023-05-30,2023-05-31,2023-06-03,2023-06-05,469.21,Damaged,6
733,2023-06-26,2023-06-27,2023-06-28,2023-07-07,182.53,Delivered,11
734,2023-04-15,2023-04-17,2023-04-23,2023-04-24,130.28,Delivered,9
735,2023-05-12,2023-05-16,2023-05-18,2023-05-25,457.6,Damaged,13
736,2023-02-02,2023-02-07,2023-02-09,2023-02-11,229.14,Delivered,9
737,2023-06-06,2023-06-11,2023-06-12,2023-06-19,486.34,Delivered,13
738,2023-04-08,2023-04-13,2023-04-18,2023-04-19,135.08,Delivered,11
739,2023-03-03,2023-03-07,2023-03-13,2023-03-21,364.01,Delivered,18
740,2023-02-05,2023-02-09,2023-02-15,2023-02-17,81.34,Delivered,12
741,2023-01-14,2023-01-17,2023-01-20,2023-01-27,167.02,Returned,13
742,2023-06-22,2023-06-25,2023-07-01,2023-07-11,106.76,Delivered,19
743,2023-01-05,2023-01-07,2023-01-10,2023-01-18,225.72,Delivered,13
744,2023-04-21,2023-04-26,2023-05-03,2023-05-13,168.79,Delivered,22
745,2023-03-31,2023-04-05,2023-04-10,2023-04-18,83.89,Delivered,18
746,2023-03-28,2023-03-30,2023-04-04,2023-04-11,332.98,Delivered,14
747,2023-04-09,2023-04-10,2023-04-13,2023-04-14,66.74,Delivered,5
748,2023-01-13,2023-01-15,2023-01-18,2023-01-21,370.91,Delivered,8
749,2023-01-11,2023-01-14,2023-01-21,2023-01-28,128.86,Delivered,17
750,2023-02-06,2023-02-07,2023-02-11,2023-02-21,67.1,Delivered,15
751,2023-06-10,2023-06-11,2023-06-14,2023-06-21,278.48,Delivered,11
752,2023-01-28,2023-01-31,2023-02-05,2023-02-12,108.99,Returned,15
753,2023-01-24,2023-01-29,2023-02-04,2023-02-11,481.25,Delivered,18
754,2023-01-09,2023-01-12,2023-01-18,2023-01-24,242.58,Delivered,15
755,2023-01-19,2023-01-24,2023-01-25,2023-02-01,335.84,Delivered,13
756,2023-04-22,2023-04-24,2023-05-01,2023-05-06,499.91,Delivered,14
757,2023-01-21,2023-01-26,2023-02-01,2023-02-06,465.91,Delivered,16
758,2023-02-19,2023-02-22,2023-02-23,2023-03-01,455.41,Delivered,10
759,2023-02-16,2023-02-20,2023-02-24,2023-02-25,284.91,Returned,9
760,2023-03-22,2023-03-23,2023-03-30,2023-04-06,135.57,Returned,15
761,2023-05-23,2023-05-26,2023-05-31,2023-06-04,197.64,Returned,12
762,2023-05-27,2023-06-01,2023-06-02,2023-06-12,257.21,Delivered,16
763,2023-05-17,2023-05-22,2023-05-24,2023-06-03,116.84,Delivered,17
764,2023-04-09,2023-04-10,2023-04-15,2023-04-22,155.15,Delivered,13
765,2023-02-24,2023-02-26,2023-03-04,2023-03-12,137.8,Delivered,16
766,2023-01-05,2023-01-09,2023-01-11,2023-01-14,326.87,Delivered,9
767,2023-01-18,2023-01-20,2023-01-27,2023-01-30,137.18,Damaged,12
768,2023-05-14,2023-05-16,2023-05-17,2023-05-20,164.5,Delivered,6
769,2023-01-26,2023-01-29,2023-01-30,2023-02-02,156.89,Returned,7
770,2023-01-03,2023-01-05,2023-01-11,2023-01-14,419.98,Delivered,11
771,2023-02-20,2023-02-22,2023-02-27,2023-03-02,148.22,Delivered,10
772,2023-05-26,2023-05-31,2023-06-02,2023-06-06,199.24,Delivered,11
773,2023-01-15,2023-01-19,2023-01-25,2023-01-27,129.9,Delivered,12
774,2023-05-02,2023-05-07,2023-05-11,2023-05-20,271.32,Delivered,18
775,2023-02-18,2023-02-19,2023-02-23,2023-03-03,440.6,Delivered,13
776,2023-03-27,2023-03-31,2023-04-05,2023-04-09,160.83,Delivered,13
777,2023-04-24,2023-04-28,2023-05-01,2023-05-08,50.8,Delivered,14
778,2023-02-22,2023-02-25,2023-03-03,2023-03-13,104.89,Delivered,19
779,2023-05-10,2023-05-15,2023-05-17,2023-05-23,246.63,Delivered,13
780,2023-06-30,2023-07-03,2023-07-06,2023-07-13,403.26,Delivered,13
781,2023-06-02,2023-06-03,2023-06-04,2023-06-13,460.54,Delivered,11
782,2023-03-19,2023-03-21,2023-03-25,2023-03-30,168.59,Delivered,11
783,2023-03-06,2023-03-07,2023-03-08,2023-03-10,438.96,Returned,4
784,2023-03-12,2023-03-17,2023-03-18,2023-03-27,157.97,Delivered,15
785,2023-04-11,2023-04-16,2023-04-17,2023-04-24,181.46,Delivered,13
786,2023-02-03,2023-02-05,2023-02-06,2023-02-15,146.21,Delivered,12
787,2023-03-11,2023-03-12,2023-03-18,2023-03-20,457.17,Delivered,9
788,2023-04-14,2023-04-16,2023-04-22,2023-05-02,385.5,Delivered,18
789,2023-01-08,2023-01-12,2023-01-19,2023-01-24,398.89,Returned,16
790,2023-04-10,2023-04-12,2023-04-19,2023-04-22,410.34,Delivered,12
791,2023-03-29,2023-04-01,2023-04-02,2023-04-03,52.65,Delivered,5
792,2023-03-24,2023-03-28,2023-03-29,2023-03-30,243.79,Delivered,6
793,2023-04-25,2023-04-29,2023-05-05,2023-05-14,453.16,Delivered,19
794,2023-01-27,2023-01-28,2023-02-01,2023-02-03,371.1,Delivered,7
795,2023-03-11,2023-03-12,2023-03-14,2023-03-21,173.36,Delivered,10
796,2023-05-15,2023-05-18,2023-05-25,2023-05-27,441.34,Delivered,12
797,2023-04-07,2023-04-11,2023-04-18,2023-04-21,480.74,Delivered,14
798,2023-02-06,2023-02-08,2023-02-11,2023-02-18,346.64,Delivered,12
799,2023-02-22,2023-02-26,2023-03-01,2023-03-05,310.39,Damaged,11
800,2023-01-16,2023-01-19,2023-01-22,2023-01-24,387.83,Damaged,8
801,2023-01-05,2023-01-10,2023-01-16,2023-01-18,113.76,Delivered,13
802,2023-01-09,2023-01-11,2023-01-17,2023-01-26,368.41,Delivered,17
803,2023-01-25,2023-01-28,2023-01-30,2023-01-31,320.68,Delivered,6
804,2023-04-24,2023-04-27,2023-04-29,2023-05-07,438.24,Delivered,13
805,2023-03-26,2023-03-30,2023-04-01,2023-04-07,466.06,Delivered,12
806,2023-02-26,2023-03-02,2023-03-09,2023-03-12,497.3,Returned,14
807,2023-03-29,2023-04-01,2023-04-08,2023-04-10,148.63,Delivered,12
808,2023-01-27,2023-02-01,2023-02-04,2023-02-12,291.8,Delivered,16
809,2023-04-27,2023-04-29,2023-05-02,2023-05-06,203.3,Delivered,9
810,2023-05-01,2023-05-02,2023-05-09,2023-05-11,483.89,Delivered,10
811,2023-04-06,2023-04-08,2023-04-12,2023-04-18,102.85,Delivered,12
812,2023-03-11,2023-03-12,2023-03-17,2023-03-22,185.35,Delivered,11
813,2023-03-21,2023-03-24,2023-03-27,2023-04-02,191.31,Returned,12
814,2023-04-25,2023-04-30,2023-05-07,2023-05-11,315.19,Delivered,16
815,2023-04-19,2023-04-20,2023-04-26,2023-05-04,388.21,Delivered,15
816,2023-01-28,2023-02-01,2023-02-08,2023-02-14,157.14,Delivered,17
817,2023-04-09,2023-04-13,2023-04-16,2023-04-26,96.57,Delivered,17
818,2023-04-25,2023-04-29,2023-05-02,2023-05-12,486.62,Damaged,17
819,2023-03-08,2023-03-12,2023-03-16,2023-03-25,316.07,Delivered,17
820,2023-05-13,2023-05-18,2023-05-22,2023-05-24,434.71,Delivered,11
821,2023-03-08,2023-03-13,2023-03-15,2023-03-21,278.35,Delivered,13
822,2023-05-13,2023-05-16,2023-05-22,2023-06-01,199.81,Delivered,19
823,2023-05-23,2023-05-24,2023-05-27,2023-05-28,178.0,Delivered,5
824,2023-06-28,2023-07-03,2023-07-05,2023-07-10,238.72,Delivered,12
825,2023-05-06,2023-05-08,2023-05-11,2023-05-17,484.09,Delivered,11
826,2023-04-02,2023-04-04,2023-04-09,2023-04-17,417.6,Delivered,15
827,2023-01-25,2023-01-30,2023-02-02,2023-02-10,231.95,Delivered,16
828,2023-06-16,2023-06-17,2023-06-21,2023-06-30,438.15,Delivered,14
829,2023-02-23,2023-02-25,2023-02-27,2023-03-05,463.03,Returned,10
830,2023-04-01,2023-04-03,2023-04-04,2023-04-11,168.49,Delivered,10
831,2023-01-05,2023-01-06,2023-01-13,2023-01-14,297.39,Delivered,9
832,2023-04-26,2023-04-29,2023-05-04,2023-05-09,196.97,Returned,13
833,2023-02-17,2023-02-19,2023-02-22,2023-02-24,285.55,Delivered,7
834,2023-02-11,2023-02-12,2023-02-16,2023-02-19,345.28,Damaged,8
835,2023-02-04,2023-02-08,2023-02-09,2023-02-17,287.58,Delivered,13
836,2023-06-10,2023-06-12,2023-06-14,2023-06-23,186.78,Returned,13
837,2023-03-30,2023-04-01,2023-04-08,2023-04-12,96.24,Delivered,13
838,2023-04-20,2023-04-24,2023-04-26,2023-05-04,498.21,Delivered,14
839,2023-04-30,2023-05-03,2023-05-05,2023-05-09,152.42,Delivered,9
840,2023-06-15,2023-06-18,2023-06-21,2023-06-24,277.85,Damaged,9
841,2023-02-19,2023-02-23,2023-03-01,2023-03-08,260.11,Delivered,17
842,2023-02-06,2023-02-11,2023-02-18,2023-02-27,71.8,Delivered,21
843,2023-05-09,2023-05-11,2023-05-15,2023-05-23,416.36,Delivered,14
844,2023-02-06,2023-02-10,2023-02-17,2023-02-27,103.28,Delivered,21
845,2023-06-07,2023-06-10,2023-06-15,2023-06-23,107.98,Delivered,16
846,2023-02-18,2023-02-23,2023-03-02,2023-03-12,104.17,Delivered,22
847,2023-03-20,2023-03-22,2023-03-26,2023-03-28,213.67,Returned,8
848,2023-06-24,2023-06-29,2023-07-06,2023-07-16,296.88,Delivered,22
849,2023-01-24,2023-01-28,2023-02-03,2023-02-09,301.22,Delivered,16
850,2023-05-11,2023-05-12,2023-05-16,2023-05-23,211.98,Returned,12
851,2023-01-03,2023-01-07,2023-01-11,2023-01-14,333.38,Returned,11
852,2023-01-01,2023-01-06,2023-01-11,2023-01-12,263.03,Delivered,11
853,2023-06-08,2023-06-12,2023-06-16,2023-06-17,432.22,Delivered,9
854,2023-02-12,2023-02-16,2023-02-23,2023-03-01,471.1,Delivered,17
855,2023-02-22,2023-02-27,2023-03-03,2023-03-04,333.71,Delivered,10
856,2023-01-30,2023-02-03,2023-02-05,2023-02-08,87.73,Damaged,9
857,2023-06-17,2023-06-20,2023-06-26,2023-07-05,236.78,Damaged,18
858,2023-02-02,2023-02-05,2023-02-07,2023-02-16,369.97,Damaged,14
859,2023-03-24,2023-03-28,2023-04-03,2023-04-06,474.04,Delivered,13
860,2023-05-31,2023-06-01,2023-06-07,2023-06-17,321.47,Delivered,17
861,2023-04-10,2023-04-15,2023-04-19,2023-04-22,403.77,Delivered,12
862,2023-01-19,2023-01-24,2023-01-27,2023-01-30,374.15,Delivered,11
863,2023-02-17,2023-02-18,2023-02-20,2023-02-28,428.17,Delivered,11
864,2023-02-05,2023-02-06,2023-02-07,2023-02-17,341.46,Delivered,12
865,2023-04-09,2023-04-12,2023-04-13,2023-04-23,453.77,Delivered,14
866,2023-04-26,2023-05-01,2023-05-03,2023-05-11,340.84,Delivered,15
867,2023-02-20,2023-02-21,2023-02-26,2023-03-01,310.41,Damaged,9
868,2023-05-19,2023-05-24,2023-05-27,2023-06-05,140.5,Delivered,17
869,2023-04-13,2023-04-16,2023-04-17,2023-04-22,450.26,Delivered,9
870,2023-05-28,2023-06-01,2023-06-08,2023-06-12,319.85,Delivered,15
871,2023-06-17,2023-06-21,2023-06-24,2023-06-27,283.97,Delivered,10
872,2023-03-20,2023-03-21,2023-03-27,2023-04-03,360.27,Delivered,14
873,2023-04-17,2023-04-19,2023-04-26,2023-05-05,293.22,Delivered,18
874,2023-01-01,2023-01-03,2023-01-09,2023-01-17,326.28,Delivered,16
875,2023-05-06,2023-05-07,2023-05-08,2023-05-13,332.19,Damaged,7
876,2023-03-01,2023-03-04,2023-03-11,2023-03-14,99.31,Delivered,13
877,2023-04-04,2023-04-05,2023-04-11,2023-04-19,254.6,Damaged,15
878,2023-01-17,2023-01-18,2023-01-25,2023-02-03,468.63,Delivered,17
879,2023-05-08,2023-05-11,2023-05-13,2023-05-22,282.16,Delivered,14
880,2023-03-07,2023-03-10,2023-03-15,2023-03-25,469.31,Delivered,18
881,2023-02-07,2023-02-11,2023-02-18,2023-02-21,301.33,Delivered,14
882,2023-04-20,2023-04-22,2023-04-26,2023-04-29,185.1,Delivered,9
883,2023-02-08,2023-02-10,2023-02-15,2023-02-21,252.0,Delivered,13
884,2023-02-24,2023-02-25,2023-03-03,2023-03-06,180.93,Returned,10
885,2023-02-16,2023-02-18,2023-02-23,2023-03-03,243.16,Delivered,15
886,2023-04-01,2023-04-02,2023-04-06,2023-04-12,347.85,Damaged,11
887,2023-04-20,2023-04-22,2023-04-27,2023-05-02,202.55,Delivered,12
888,2023-06-09,2023-06-12,2023-06-18,2023-06-23,86.27,Delivered,14
889,2023-02-10,2023-02-11,2023-02-16,2023-02-21,290.32,Delivered,11
890,2023-05-15,2023-05-19,2023-05-23,2023-05-30,81.62,Delivered,15
891,2023-05-08,2023-05-09,2023-05-16,2023-05-23,392.73,Delivered,15
892,2023-03-20,2023-03-25,2023-04-01,2023-04-05,224.69,Delivered,16
893,2023-06-01,2023-06-04,2023-06-08,2023-06-09,67.45,Delivered,8
894,2023-01-04,2023-01-07,2023-01-11,2023-01-15,269.33,Delivered,11
895,2023-05-17,2023-05-20,2023-05-27,2023-06-06,475.32,Delivered,20
896,2023-01-08,2023-01-13,2023-01-19,2023-01-25,241.03,Delivered,17
897,2023-05-08,2023-05-09,2023-05-11,2023-05-20,171.89,Delivered,12
898,2023-03-14,2023-03-16,2023-03-17,2023-03-22,259.97,Delivered,8
899,2023-05-26,2023-05-27,2023-05-30,2023-06-02,59.53,Delivered,7
900,2023-05-04,2023-05-07,2023-05-08,2023-05-11,247.02,Delivered,7
901,2023-02-17,2023-02-22,2023-02-23,2023-03-03,69.91,Delivered,14
902,2023-03-09,2023-03-11,2023-03-18,2023-03-23,361.42,Delivered,14
903,2023-02-07,2023-02-11,2023-02-14,2023-02-17,308.04,Delivered,10
904,2023-06-24,2023-06-25,2023-06-26,2023-07-03,202.48,Delivered,9
905,2023-04-05,2023-04-10,2023-04-13,2023-04-20,471.1,Delivered,15
906,2023-01-29,2023-02-02,2023-02-08,2023-02-15,87.76,Delivered,17
907,2023-04-28,2023-04-30,2023-05-07,2023-05-13,211.79,Delivered,15
908,2023-05-03,2023-05-05,2023-05-08,2023-05-12,266.38,Returned,9
909,2023-03-04,2023-03-08,2023-03-14,2023-03-24,359.21,Delivered,20
910,2023-06-21,2023-06-23,2023-06-26,2023-07-05,194.25,Delivered,14
911,2023-01-19,2023-01-20,2023-01-24,2023-01-28,201.4,Delivered,9
912,2023-04-29,2023-05-03,2023-05-05,2023-05-09,306.2,Delivered,10
913,2023-06-28,2023-07-01,2023-07-05,2023-07-14,302.68,Delivered,16
914,2023-03-17,2023-03-22,2023-03-23,2023-03-26,366.37,Delivered,9
915,2023-06-01,2023-06-03,2023-06-07,2023-06-12,157.29,Delivered,11
916,2023-05-08,2023-05-13,2023-05-16,2023-05-24,474.15,Delivered,16
917,2023-01-23,2023-01-25,2023-02-01,2023-02-03,123.66,Delivered,11
918,2023-01-14,2023-01-17,2023-01-21,2023-01-26,303.51,Damaged,12
919,2023-03-26,2023-03-29,2023-04-03,2023-04-04,174.28,Delivered,9
920,2023-02-15,2023-02-20,2023-02-25,2023-03-05,313.7,Delivered,18
921,2023-01-05,2023-01-08,2023-01-09,2023-01-15,177.4,Delivered,10
922,2023-01-29,2023-02-03,2023-02-09,2023-02-19,335.13,Delivered,21
923,2023-06-07,2023-06-09,2023-06-12,2023-06-13,60.3,Delivered,6
924,2023-02-20,2023-02-24,2023-03-02,2023-03-12,483.55,Delivered,20
925,2023-06-20,2023-06-21,2023-06-24,2023-06-27,181.13,Delivered,7
926,2023-04-29,2023-05-01,2023-05-07,2023-05-16,83.75,Delivered,17
927,2023-06-18,2023-06-23,2023-06-26,2023-06-27,179.39,Delivered,9
928,2023-04-12,2023-04-14,2023-04-19,2023-04-28,481.55,Delivered,16
929,2023-06-16,2023-06-21,2023-06-23,2023-06-30,294.26,Delivered,14
930,2023-06-07,2023-06-10,2023-06-15,2023-06-24,128.99,Delivered,17
931,2023-03-25,2023-03-27,2023-04-01,2023-04-08,207.18,Delivered,14
932,2023-02-07,2023-02-08,2023-02-13,2023-02-17,298.66,Delivered,10
933,2023-05-10,2023-05-13,2023-05-17,2023-05-24,264.84,Delivered,14
934,2023-04-08,2023-04-09,2023-04-12,2023-04-19,281.06,Delivered,11
935,2023-01-20,2023-01-21,2023-01-25,2023-01-27,74.04,Delivered,7
936,2023-03-24,2023-03-28,2023-04-04,2023-04-10,358.72,Returned,17
937,2023-01-23,2023-01-24,2023-01-26,2023-02-05,445.94,Delivered,13
938,2023-04-09,2023-04-13,2023-04-18,2023-04-20,351.06,Delivered,11
939,2023-06-01,2023-06-06,2023-06-11,2023-06-20,285.31,Delivered,19
940,2023-02-22,2023-02-26,2023-03-03,2023-03-11,222.46,Returned,17
941,2023-05-26,2023-05-31,2023-06-07,2023-06-14,456.58,Delivered,19
942,2023-06-28,2023-07-01,2023-07-08,2023-07-11,247.65,Delivered,13
943,2023-05-27,2023-05-28,2023-05-29,2023-06-01,187.72,Delivered,5
944,2023-01-31,2023-02-05,2023-02-12,2023-02-18,391.96,Damaged,18
945,2023-01-21,2023-01-24,2023-01-29,2023-02-08,140.01,Delivered,18
946,2023-06-03,2023-06-06,2023-06-12,2023-06-22,499.24,Returned,19
947,2023-04-15,2023-04-19,2023-04-24,2023-05-03,489.17,Delivered,18
948,2023-02-24,2023-02-27,2023-03-01,2023-03-05,123.68,Delivered,9
949,2023-03-08,2023-03-09,2023-03-14,2023-03-21,356.36,Delivered,13
950,2023-03-24,2023-03-25,2023-03-31,2023-04-06,182.93,Delivered,13
951,2023-02-05,2023-02-07,2023-02-10,2023-02-12,57.72,Delivered,7
952,2023-02-11,2023-02-12,2023-02-15,2023-02-25,310.59,Delivered,14
953,2023-06-12,2023-06-17,2023-06-23,2023-06-24,292.37,Delivered,12
954,2023-03-25,2023-03-27,2023-03-28,2023-03-31,58.7,Delivered,6
955,2023-05-20,2023-05-23,2023-05-30,2023-06-04,220.87,Delivered,15
956,2023-06-02,2023-06-06,2023-06-08,2023-06-11,107.09,Delivered,9
957,2023-03-27,2023-03-31,2023-04-07,2023-04-10,73.01,Delivered,14
958,2023-05-14,2023-05-16,2023-05-19,2023-05-20,415.97,Delivered,6
959,2023-02-20,2023-02-21,2023-02-28,2023-03-07,463.38,Delivered,15
960,2023-03-29,2023-03-30,2023-04-05,2023-04-06,420.58,Returned,8
961,2023-06-27,2023-07-01,2023-07-05,2023-07-07,90.02,Delivered,10
962,2023-05-27,2023-05-29,2023-05-31,2023-06-10,416.45,Delivered,14
963,2023-04-06,2023-04-08,2023-04-13,2023-04-15,245.06,Delivered,9
964,2023-04-25,2023-04-28,2023-05-04,2023-05-09,234.47,Delivered,14
965,2023-04-27,2023-05-01,2023-05-04,2023-05-08,122.43,Delivered,11
966,2023-06-24,2023-06-29,2023-07-04,2023-07-07,317.77,Returned,13
967,2023-02-04,2023-02-07,2023-02-10,2023-02-13,438.44,Returned,9
968,2023-01-08,2023-01-12,2023-01-17,2023-01-26,241.51,Delivered,18
969,2023-02-27,2023-03-01,2023-03-08,2023-03-15,337.82,Delivered,16
970,2023-04-26,2023-04-28,2023-05-04,2023-05-10,82.94,Delivered,14
971,2023-03-20,2023-03-23,2023-03-27,2023-04-04,439.98,Delivered,15
972,2023-06-15,2023-06-18,2023-06-22,2023-06-24,489.08,Delivered,9
973,2023-06-17,2023-06-22,2023-06-27,2023-07-03,262.97,Delivered,16
974,2023-02-27,2023-03-01,2023-03-05,2023-03-13,484.47,Delivered,14
975,2023-04-06,2023-04-08,2023-04-09,2023-04-12,192.45,Delivered,6
976,2023-02-08,2023-02-12,2023-02-17,2023-02-22,234.08,Damaged,14
977,2023-03-28,2023-04-01,2023-04-02,2023-04-08,255.83,Delivered,11
978,2023-01-04,2023-01-06,2023-01-07,2023-01-12,468.54,Delivered,8
979,2023-02-20,2023-02-22,2023-02-25,2023-03-01,219.41,Returned,9
980,2023-01-25,2023-01-26,2023-01-30,2023-02-08,115.62,Damaged,14
981,2023-06-30,2023-07-03,2023-07-04,2023-07-13,429.54,Returned,13
982,2023-06-05,2023-06-10,2023-06-14,2023-06-17,247.04,Delivered,12
983,2023-04-24,2023-04-27,2023-05-01,2023-05-02,235.55,Delivered,8
984,2023-05-11,2023-05-12,2023-05-17,2023-05-21,169.95,Delivered,10
985,2023-06-30,2023-07-01,2023-07-02,2023-07-12,108.59,Delivered,12
986,2023-03-27,2023-03-29,2023-04-01,2023-04-11,234.04,Delivered,15
987,2023-01-10,2023-01-13,2023-01-18,2023-01-28,408.4,Delivered,18
988,2023-03-28,2023-04-01,2023-04-05,2023-04-14,492.42,Delivered,17
989,2023-06-07,2023-06-11,2023-06-13,2023-06-19,434.03,Delivered,12
990,2023-05-20,2023-05-22,2023-05-25,2023-06-03,266.14,Delivered,14
991,2023-05-12,2023-05-17,2023-05-24,2023-05-26,409.52,Delivered,14
992,2023-01-06,2023-01-08,2023-01-15,2023-01-22,446.88,Delivered,16
993,2023-01-31,2023-02-04,2023-02-07,2023-02-12,477.84,Delivered,12
994,2023-03-28,2023-03-31,2023-04-01,2023-04-02,238.42,Delivered,5
995,2023-03-14,2023-03-17,2023-03-21,2023-03-24,345.47,Delivered,10
996,2023-06-13,2023-06-16,2023-06-21,2023-06-22,169.31,Delivered,9
997,2023-01-10,2023-01-12,2023-01-17,2023-01-25,234.96,Delivered,15
998,2023-06-03,2023-06-06,2023-06-09,2023-06-10,360.37,Delivered,7
999,2023-06-10,2023-06-11,2023-06-13,2023-06-18,369.76,Delivered,8
1000,2023-06-16,2023-06-19,2023-06-21,2023-06-23,278.67,Delivered,7
